,PCC,SCC,CCC,RMSE,RD,MAD
B cells,0.9969418303212325,0.9944533845763603,0.9968953586035797,0.012729289867617222,0.02841325312657391,0.009066455836949731
CD4 T cells,0.9882562111356137,0.9827114293995636,0.9857453938415839,0.026728043529687998,0.24622881685336012,0.020769900711325374
CD8 T cells,0.9908022562292427,0.9339034056623767,0.989567899840936,0.012119328154467573,0.13096684632519393,0.007893761207706492
DC,0.9985403980681961,0.9978867673702273,0.9984794712711135,0.009038906869847983,0.025090789521651034,0.006893149607789246
Monocytes,0.997380708223915,0.9934932414206097,0.9970428592599506,0.010706672384130079,-0.05401209382230704,0.00854398389345364
NK cells,0.9959453748520569,0.9831884744733033,0.9951348848081569,0.014691449556918095,0.05124608993736901,0.010906713895374535
Tregs,0.9845382975120089,0.8306985011187741,0.970239732094955,0.023748520480474995,0.39876487423801515,0.0135644461376437
