,PCC,SCC,CCC,RMSE,RD,MAD
B cells,-0.6509355535466786,-0.8499999999999999,-0.09487298134048831,0.08746386743999685,1.5482135189622137,0.07420223420470566
CD4 T cells,0.6752158772363475,0.5,0.15122718808224034,0.15822320146239272,-0.6290720757965222,0.13489880256189765
CD8 T cells,-0.07502310872296208,-0.049999999999999996,-0.0008065278421769866,0.27610416788863473,-0.9466900218326101,0.2662428801262907
DC,0.9582933420577552,0.9166666666666666,0.9067775862991444,0.0051635568200522316,0.126503776374189,0.004380861689594933
Monocytes,0.9837902110247876,0.9166666666666666,0.9802687350263004,0.012331942121075586,0.015715176920811893,0.010180632041050424
NK cells,0.47543267414821294,0.5333333333333333,0.07164617565017878,0.15901615109652809,1.3256082657643307,0.14986622696053126
Tregs,0.757020791725783,0.6,0.01425616518704678,0.1820112399497348,16.349061909954894,0.16498680757250397
