,PCC,SCC,CCC,RMSE,RD,MAD
B cells,0.9963980106266569,0.9970699740908375,0.9958970514266422,0.013122410621382124,0.037444846433821566,0.008660361348341571
CD4 T cells,0.9932681710545421,0.9797833885272957,0.9908928361388825,0.022894928294238115,0.20829692741407896,0.017310115718065316
CD8 T cells,0.9925782485722083,0.9407423377967279,0.9918478091339742,0.008581376305497901,0.18839789050003042,0.005182687397078765
DC,0.9979712168267096,0.9979272622146332,0.9977128477716275,0.011038229568866943,0.012800381568518126,0.007225994062633273
Monocytes,0.9974892264035924,0.9982066571100351,0.9968398849025517,0.012484424144614589,0.014780301536156455,0.007062645515588539
NK cells,0.9978128953218736,0.9971337316430426,0.9967517582223151,0.01296104447611787,0.07922696367662611,0.009200528346926631
Tregs,0.9902314694578891,0.8978541290652219,0.9785816517980421,0.019823140350835773,0.403511726141655,0.010687032226071876
