,PCC,SCC,CCC,RMSE,RD,MAD
B cells,0.9977336779383993,0.9977262748543531,0.997025480815817,0.01301260050598256,0.024870868089447506,0.0077256870562718545
CD4 T cells,0.9900124723233277,0.9830879549653565,0.9883572896154201,0.023012299015831017,0.027040440234560335,0.017888995081105193
CD8 T cells,0.9928839943534953,0.9446253266017458,0.9908457511108626,0.0118045536966702,0.1329255988954248,0.006329586582410269
DC,0.9986842089243599,0.9981279043990045,0.9981628657497359,0.010983383418625198,0.06868440860917582,0.007568214134355101
Monocytes,0.9981975885069982,0.9977056412705166,0.9976172015451344,0.011126557770911477,0.02293109689334842,0.007168152730012196
NK cells,0.997833431955478,0.9967212451859394,0.9969725621515075,0.012374099880208657,0.05378666544699807,0.009217339461938687
Tregs,0.9903293853737397,0.892796229097982,0.9875701883924035,0.013224788697651816,0.463138993093567,0.008706351955294227
