tool,pearson_mean,pearson_std,pearson_median,spearman_mean,spearman_std,spearman_median,concordance_mean,concordance_std,concordance_median,rmse_mean,rmse_std,rmse_median,mad_mean,mad_std,mad_median,percentdeviation_mean,percentdeviation_std,percentdeviation_median
GrooD,0.9881900667128525,0.007331131403071868,0.9902043581572926,0.9467603179340948,0.07990443477597206,0.983023989872421,0.984080137237555,0.007876101798130614,0.9847735189904264,0.02314317496468773,0.006440035537461752,0.0232712887300722,0.010667209343339886,0.004571123558396535,0.01011787384188275,32.07946567781454,22.36315789316529,26.44932363769867
GrooD_Condition,0.9928128974210025,0.00549747092111922,0.9945286352207551,0.9506122741971608,0.07234306375075386,0.9906358059828042,0.990554840962951,0.0057135631782670995,0.9928417463470419,0.017790925473846288,0.0057664805197572885,0.01621030486870298,0.00861276100635685,0.00482262585986656,0.006754105656393956,27.803728343312404,19.6816679424935,20.023541773866384
GrooD_Individual,0.9877809281469118,0.012880738857830606,0.9932704866849064,0.9554670116324749,0.06813475517451735,0.9908997072314382,0.98330346944865,0.01890451181349025,0.991289601857714,0.02193124999460539,0.011827245102928097,0.019247906725833056,0.008890654272428727,0.003224968470050889,0.008275997131079744,32.38597504470793,23.53956939440612,27.7677819819173
