tool,pearson_mean,pearson_std,pearson_median,spearman_mean,spearman_std,spearman_median,concordance_mean,concordance_std,concordance_median,rmse_mean,rmse_std,rmse_median,mad_mean,mad_std,mad_median,percentdeviation_mean,percentdeviation_std,percentdeviation_median
BayesPrism,0.16817559005582924,0.31460382794637365,0.07953665305003234,0.34548767205398023,0.27824985990480283,0.4184137043778615,0.14683303934481845,0.21915528695771652,0.029209063822898396,0.12474523926636372,0.09818696041681375,0.10886611925600251,0.10060585463193632,0.11212500133823,0.06589415982567698,230.8478985332737,377.913778759953,74.9241026084702
GrooD,0.622479575910227,0.3641831528445525,0.7139203004788037,0.5729434974796981,0.395745131550539,0.75,0.40803536687606695,0.29462738104856345,0.494275028928142,0.04385549288279833,0.015152337386936329,0.048713890352254985,0.027851092299581222,0.012584527520215988,0.028388350657890693,108.1942120257354,178.53528015430314,25.99656885210846
GrooD_Condition,0.500864757357441,0.5661532242319147,0.7261637883284804,0.5574124001040129,0.5537025934443558,0.7666666666666667,0.34500427572490533,0.4565238096763675,0.5024015989970438,0.041479397846508136,0.02293530654736153,0.033382551615078776,0.026772972202343284,0.019048330759330954,0.021614962575832,77.03300532400009,116.51903349024907,22.039461728913615
GrooD_Individual,0.3781552138613659,0.5861055649483635,0.41451669335030467,0.49565738428878203,0.6160575901970827,0.7029350233548074,0.21047151581953866,0.4544999851478436,0.2749110064225439,0.047886435572295785,0.023202896163492054,0.04637361926511234,0.03454405418201328,0.025508066650025824,0.028877489794396704,63.94943875905233,57.41499220273673,38.38553738085969
MuSiC,0.11888727564972211,0.440348449570467,0.06353980973556524,0.2639793506047494,0.4203102559157723,0.2706435464587639,0.10991119245857958,0.23088901649724974,4.050823995082939e-05,0.1426927537643548,0.10561920759456733,0.14176334730810086,0.11642429814159735,0.09937063279514756,0.0711695614219315,204.62697626563224,301.2946750349956,100.0
Scaden,0.6484527776154024,0.268537940384141,0.746745063000001,0.6121543387206468,0.44591677067601004,0.7999999999999999,0.49267980794627075,0.31416125545508156,0.5154555104938242,0.053473074149007795,0.04109607365866344,0.050647419580674174,0.049316854857142864,0.04429487757129793,0.027926400000000004,197.34797551935043,446.343178640655,32.365425564901464
