,PCC,SCC,CCC,RMSE,RD,MAD
B cells,0.5806221774483398,0.3666666666666667,0.5022417209131126,0.010048011714707056,-0.02322650105705369,0.008503754818903562
CD4 T cells,0.8245394959534064,0.9333333333333332,0.6228860580958459,0.05931226318038473,0.07498822245284849,0.04461651239668449
CD8 T cells,0.7840035853590755,0.7833333333333333,0.6062339916551379,0.04943270728514191,0.11317134313480616,0.04223114043617182
DC,-0.47992454159741,-0.5,-0.22433458857787128,0.03814094237303141,0.9348098653344583,0.029834730991759744
Monocytes,0.4119136079744917,0.38333333333333336,0.40598981063662415,0.054447695971545806,0.02399228950936381,0.043739036073163845
NK cells,0.6962666269657174,0.6166666666666666,0.3394157463659526,0.04827991761902791,0.45310018563787785,0.04232593658227657
Tregs,0.43934491838383866,0.4937281711658766,0.02442172409057044,0.04890144921804142,4.758723846791067,0.04535454091356064
