,B cells,CD4 T cells,CD8 T cells,DC,Monocytes,NK cells,Tregs
pbmc_1,0.050556810394189126,0.2290554182303716,0.23587440762610035,0.06976174057614701,0.21366582528324293,0.1396675294484197,0.06141826844152934
pbmc_10,0.062141340527401424,0.2046053730866443,0.21944213041077568,0.0356824920835622,0.29493919054453804,0.13417609103478523,0.049013382312293324
pbmc_12,0.052561882003175436,0.19304524849250235,0.30495876786975595,0.023520670068353126,0.2058064286580458,0.18314852986021513,0.03695847304795209
pbmc_2,0.040036307000558,0.2341402866558605,0.23962783727514833,0.04206958301520534,0.20915404211687694,0.16609411971341245,0.06887782422293826
pbmc_4,0.05126845241352922,0.16621259266123017,0.30008506162014137,0.02582561438777603,0.2902845869557728,0.12118125541310432,0.04514243654844607
pbmc_5,0.048209115920222444,0.11948906358920898,0.31202813707705945,0.033087414656003934,0.33894704468483877,0.11253580171388902,0.035703422358777555
pbmc_6,0.046453372071488384,0.1222248883659679,0.2493157689173492,0.09711509150158225,0.25057511245888847,0.14062469334596914,0.09369107333875452
pbmc_7,0.03695228331336997,0.1509602954838728,0.283690169178292,0.09370065529366804,0.21339014990805827,0.1879158325515975,0.033390614271141615
pbmc_9,0.03891992582045927,0.15423204009942634,0.22537386570367463,0.03648328443219409,0.28360593410493606,0.18608957615909663,0.07529537368021298
