,PCC,SCC,CCC,RMSE,RD,MAD
B cells,0.9977609581238005,0.9956539512469422,0.9971120689735052,0.012160477216015465,0.006690933509978641,0.008916063698978493
CD4 T cells,0.9846014558946876,0.9847764536611175,0.9811763659859536,0.030525774331131683,0.26566828213944604,0.02298003395227331
CD8 T cells,0.9917581333299923,0.9317418146092542,0.9915381392988627,0.010752822179666943,0.1563983946099431,0.007167982635235954
DC,0.9973589966634627,0.997502539900479,0.9970456143587699,0.012393701193491244,0.034446733603063405,0.008000705505828829
Monocytes,0.9974566458078251,0.9945496893548382,0.9970401017885727,0.010736288131326908,-0.05702771379672161,0.008723250766518597
NK cells,0.9956324007991275,0.9833806066682271,0.9947756827037451,0.015207757581378932,0.05668200002713952,0.011688407093688312
Tregs,0.9907436378745477,0.8452114565357512,0.9829490799161661,0.01830319556868636,0.404184387835088,0.012166044896971812
