,PCC,SCC,CCC,RMSE,RD,MAD
B cells,0.9971946539413361,0.9970977427966029,0.9968542482792415,0.012134388067573113,0.0018994951124006543,0.008153352308173965
CD4 T cells,0.9899110853045728,0.984699348359108,0.9891421856828619,0.021355726654360845,0.30706230243219074,0.016597936763630746
CD8 T cells,0.993319145104121,0.9508148852767044,0.9919181336867615,0.00912332010565974,0.1697202228294003,0.005577238818497893
DC,0.9983087607424903,0.9983049134707802,0.9981506728462386,0.00969227335641363,0.020519322460527487,0.007055653838618397
Monocytes,0.9985355589385108,0.9981886803551572,0.9979928331489094,0.009237164342727026,0.029899631751408428,0.006733869606321791
NK cells,0.9970773524838329,0.9966218851844609,0.9956468803106906,0.013859772271892298,0.02573900783371619,0.009529803587258365
Tregs,0.9938375521219639,0.8859463104408033,0.9924955752370151,0.010089470639823721,0.5365039497571594,0.007025654934937973
