,PCC,SCC,CCC,RMSE,RD,MAD
B cells,0.9972051845723645,0.9971360158964955,0.9967352427064621,0.011970775208019929,0.03001586295154615,0.008170694805552915
CD4 T cells,0.9924400121891931,0.9871624289157793,0.9917350153261991,0.02009800409842363,0.11995850443730713,0.01651185346887101
CD8 T cells,0.9938538724531036,0.9545401932473253,0.993425455392301,0.009538848158057113,0.17263605455116868,0.005694962528500781
DC,0.9981030012340426,0.9982096678648372,0.9979229711630171,0.00994144458745342,0.04596103300950281,0.0066774172712367715
Monocytes,0.9984484286601243,0.997864650408444,0.9982191119297337,0.008958986830026067,-0.0009965971633741477,0.006309187667300178
NK cells,0.9975456489328556,0.9975669009749493,0.9968877300284062,0.01370509153915388,0.045630685827642195,0.009399463354219895
Tregs,0.9941300285378107,0.9064963585228347,0.9915492433539058,0.012013467043202023,0.48878585629968696,0.007517427441903325
