,PCC,SCC,CCC,RMSE,RD,MAD
B cells,-0.7075648536571408,-0.8499999999999999,-0.09638271253028723,0.09158180806446406,1.637771071690904,0.07656992834814802
CD4 T cells,0.6980913253277954,0.48333333333333334,0.16063258718917386,0.15807857553463986,-0.6331932767646435,0.13562196672573432
CD8 T cells,-0.1653165993937306,-0.06666666666666667,-0.0019070668450973628,0.27530658336054536,-0.9420389482523979,0.26525141141561104
DC,0.9714721195068458,0.9833333333333333,0.9168677606769569,0.004738146150549364,0.1318945702588652,0.003855411653699903
Monocytes,0.9818042731850103,0.9333333333333332,0.9795829020925055,0.012718536806685745,-0.0029942605584213893,0.009851280023197977
NK cells,0.488136684494048,0.5,0.07996541465975592,0.1602430852470014,1.3089101755453585,0.1492061607873315
Tregs,0.7645000395590763,0.6,0.014036198962789653,0.1851013078827922,16.660404158361388,0.16810741009805674
