,PCC,SCC,CCC,RMSE,RD,MAD
B cells,0.9975845045933464,0.9976748984521876,0.9964508240909787,0.013883570658510567,0.010782070901763632,0.008875071308014546
CD4 T cells,0.9900697941521641,0.9834625390485069,0.9874111082262274,0.024309248431318112,0.12081956449956952,0.018389232595727695
CD8 T cells,0.9943594242650587,0.9473353429538636,0.9884041795536102,0.01274535195800218,0.1587800958463675,0.006898919372767927
DC,0.9974854429103809,0.9981166274577326,0.9971893064405614,0.011542307162870254,0.00559594280716563,0.0069104630423537285
Monocytes,0.9966475935119636,0.9983585649499032,0.9959045515114023,0.013451762050163353,0.007878267169734072,0.006815152712858545
NK cells,0.9963634202020922,0.9957861841676644,0.9950449951473235,0.016044348623268128,0.03715112249436822,0.00958882092313567
Tregs,0.9925662919316344,0.8922000640499487,0.9915284563590718,0.009452853783416586,0.4962445342583991,0.006812983161988415
