,PCC,SCC,CCC,RMSE,RD,MAD
B cells,0.5376243630374086,0.33333333333333337,0.45314382170735634,0.01203123997010114,-0.090684014829235,0.010595931352927175
CD4 T cells,0.8604332199041134,0.8833333333333333,0.6932580591829293,0.0546815156373578,0.06048920255774542,0.03423105414182125
CD8 T cells,0.8665252811322964,0.8333333333333333,0.5781005462781285,0.050567051945397234,0.1408415745308629,0.03886525790394403
DC,-0.7777472489134236,-0.6666666666666667,-0.15885093720305632,0.06276107388149273,2.0736798474593234,0.04761885763742829
Monocytes,0.716624327362781,0.7999999999999999,0.4989966637974983,0.04309099248005497,-0.032160824658304846,0.031302135255926664
NK cells,0.7940312642840228,0.8833333333333333,0.5585361447869641,0.0376339478409053,0.30688211600228116,0.03163972456753377
Tregs,0.389005195535339,0.47699162299076214,0.0183530993789929,0.04406680398765849,4.540043746656903,0.04227054062062785
