,B cells,CD4 T cells,CD8 T cells,DC,Monocytes,NK cells,Tregs
pbmc_1,0.048675947724602514,0.23770305000227962,0.23800798756266983,0.09751009907815157,0.21516656788951055,0.1046421173704781,0.05829423037230771
pbmc_10,0.053029524925092573,0.1642176296843455,0.24005999693363014,0.13235474267441588,0.27317708637030075,0.09637809940251023,0.04078292000970499
pbmc_12,0.04756388593624398,0.18284136328392878,0.2958355265788841,0.05006784220792948,0.22696529454883543,0.15921218128729514,0.037513906156883
pbmc_2,0.03312365509285607,0.23319841810228367,0.24793497404910153,0.106292782750802,0.21745715708508428,0.10780785966907912,0.05418515325079344
pbmc_4,0.05523096819177993,0.21386810261964107,0.2726558977697907,0.030463938209024134,0.2130450337463663,0.14442181487645897,0.07031424458693872
pbmc_5,0.05556437305873605,0.15527126439635242,0.2948413721588348,0.053751595768473,0.26955415175444286,0.12369594520959722,0.047321297653563583
pbmc_6,0.04474945686641555,0.10314061962704636,0.29481050235233236,0.11880179798219734,0.23993977567826008,0.13341919541355385,0.06513865208019434
pbmc_7,0.031499811443449405,0.12491100349697258,0.3108071311984291,0.05814081550755495,0.24623713987517895,0.1978567326068044,0.030547365871610613
pbmc_9,0.03100824115375136,0.14232444387458612,0.22930199240411975,0.05821398097635453,0.27367495137734893,0.1978392946101852,0.06763709560365426
