,B cells,CD4 T cells,CD8 T cells,DC,Monocytes,NK cells,Tregs
pbmc_1,0.045919914407019105,0.24951593597444033,0.3300424840933816,0.0533172678327487,0.18245367373843266,0.07702100692434552,0.06172971702963221
pbmc_10,0.06525220565860253,0.2110509832402297,0.27529890236985005,0.05165121664355248,0.273194596593332,0.06695009421595029,0.056602001278483006
pbmc_12,0.046367746551803465,0.18937121302121082,0.3341265467899523,0.034471844500609715,0.20924679049347863,0.14321203909209254,0.043203819550852667
pbmc_2,0.029555540296783683,0.22915262872674286,0.33876557153114034,0.05676151543202102,0.2177203867742494,0.08196740588097909,0.04607695135808346
pbmc_4,0.05843737247571619,0.19149194967282418,0.31926955126493034,0.024455893281077612,0.18301512702491146,0.16671094603650205,0.05661916024403822
pbmc_5,0.05912492195102122,0.1559392929581129,0.29847406469713916,0.04587751082575169,0.2558953317282049,0.1307472469240952,0.05394163091567516
pbmc_6,0.04906813436350851,0.13565194456652457,0.30237054539245045,0.08466674523354059,0.2402515931313445,0.1123120756943377,0.0756789616182938
pbmc_7,0.031381176958383696,0.14575758144307646,0.37312079621452726,0.04407165204053841,0.20924340664404298,0.16685064320346416,0.029574743495967008
pbmc_9,0.03274450238505325,0.13883703277593037,0.3246960508973892,0.03979972362337845,0.23038305300535292,0.16532373457672941,0.06821590273616661
