,PCC,SCC,CCC,RMSE,RD,MAD
B cells,0.8497386851287474,0.8166666666666667,0.02573873616010361,0.0399271633383425,-0.7583445684222956,0.03866321251353845
CD4 T cells,0.8282379502988103,0.8333333333333333,0.005233608324534613,0.197707375675516,-0.9793540967248298,0.1778344680673422
CD8 T cells,0.6413979581993197,0.6666666666666667,0.023792772278795515,0.22446458769944924,-0.8641903057078908,0.2158753943719619
DC,-0.8434188328367619,-0.8535639569308375,-0.02594795622916399,0.02919367531658387,-0.809246069322622,0.02688856641892303
Monocytes,0.6754089664118167,0.6166666666666666,0.012925178330807783,0.22106783678880712,-0.8384748491031492,0.21568506270609258
NK cells,0.8769107382238323,0.8333333333333333,0.025339117464105596,0.10356123084295668,-0.9113529257094256,0.09994207363214877
Tregs,0.011334773690324138,0.05957932309421711,0.0018030843614072708,0.004654175924199903,0.4596619800379538,0.004217232328213359
