,B cells,CD4 T cells,CD8 T cells,DC,Monocytes,NK cells,Tregs,Pred B cells,Pred CD4 T cells,Pred CD8 T cells,Pred DC,Pred Monocytes,Pred NK cells,Pred Tregs,SampleID,error
pbmc_1,0.0581,0.3796,0.1564,0.016,0.2001,0.0675,0.0175,0.01339953963447266,0.005684452051238781,0.02810510874108139,0.0067554756121878485,0.04241694990871512,0.005417546934030949,0.013509066832580996,pbmc_1,0.003990933167419006
pbmc_10,0.064,0.1786,0.1839,0.0227,0.3586,0.0718,0.0084,0.01599571784339467,0.0030798359899847287,0.023571557499156248,0.004793556365585914,0.0510266064331792,0.005579690647520049,0.013017680838501598,pbmc_10,-0.004617680838501599
pbmc_12,0.0516,0.1533,0.2984,0.0426,0.2003,0.1409,0.005,0.010904407874069114,0.004414615608654535,0.05246243798855011,0.003662589739367795,0.043746320743031517,0.012787397047884933,0.013639595234392643,pbmc_12,-0.008639595234392644
pbmc_2,0.0296,0.2552,0.1638,0.0234,0.2481,0.1128,0.0143,0.009759203601161158,0.0043483918611996655,0.023572965349079694,0.006068221659062343,0.04043938368449732,0.005569672108791068,0.013041068724716748,pbmc_2,0.0012589312752832524
pbmc_4,0.0384,0.2247,0.2452,0.0357,0.1943,0.1154,0.0097,0.010840910820915062,0.005485440264318357,0.026123166596127997,0.003997412692383543,0.02184655635967008,0.011331495909926163,0.012056382159738515,pbmc_4,-0.0023563821597385147
pbmc_5,0.0606,0.0853,0.3661,0.0424,0.2636,0.0896,0.0084,0.013617999562807728,0.0021998518390358816,0.03324244117011685,0.0037785528689913183,0.03420234474309151,0.008125800304965822,0.012834248751096098,pbmc_5,-0.0044342487510960985
pbmc_6,0.0645,0.0996,0.2834,0.0242,0.3238,0.1035,0.0108,0.013223092210777112,0.0017704654558572445,0.040008828691876996,0.006622021985964195,0.0535395234117581,0.006705962207858718,0.013639595234392643,pbmc_6,-0.0028395952343926428
pbmc_7,0.0403,0.1274,0.3227,0.0329,0.2387,0.1746,0.0087,0.009370902628074605,0.0017751607399604402,0.060202424389445126,0.006068221659062343,0.037890696438058716,0.021335278822440067,0.013639595234392643,pbmc_7,-0.004939595234392644
pbmc_9,0.048,0.1289,0.226,0.0476,0.2815,0.1144,0.0085,0.010019313202481828,0.003331573583670202,0.01573252022690873,0.0037568496470874184,0.042726053923165086,0.014168493327243126,0.013378129058703827,pbmc_9,-0.004878129058703827
