,PCC,SCC,CCC,RMSE,RD,MAD
B cells,0.5629422305515084,0.5,0.5438041306603303,0.010081823984240164,0.011245654565476854,0.008532266740009625
CD4 T cells,0.8324446683796776,0.8666666666666667,0.6134152852726875,0.05954446739258316,0.15688800482080306,0.04557285077653247
CD8 T cells,0.5708061919147408,0.6166666666666666,0.3148548373477203,0.06414908677308574,0.17644773242162504,0.04968227520371793
DC,-0.8184354201896,-0.6666666666666667,-0.16485634807944427,0.0697430046249757,2.2381265065823843,0.0490649944781285
Monocytes,0.5297552051646587,0.6833333333333333,0.43152130483483053,0.05129329138996835,-0.06431544520471616,0.03617768560260641
NK cells,0.6625791302258596,0.8333333333333333,0.5768586687818875,0.03687466262313548,0.15148518190017984,0.023657612763220703
Tregs,0.3931253597143942,0.4100454302903043,0.017763451124484644,0.04097776746478935,4.25802143099116,0.03968135449817159
