,B cells,CD4 T cells,CD8 T cells,DC,Monocytes,NK cells,Tregs
pbmc_1,0.044835836527205276,0.24165068569674006,0.2648538198617627,0.10221419784659758,0.207527544254742,0.0808773292630333,0.058040586549919164
pbmc_10,0.05915466035667046,0.18876536657437268,0.24781409674934934,0.12502174665970997,0.259517938512053,0.07419695700342842,0.045529234144416036
pbmc_12,0.0496037206835725,0.2073536976692761,0.3110505173579776,0.04622974305160851,0.20988652980967057,0.14545044152585734,0.03042534990203743
pbmc_2,0.03419501544533712,0.24279148129207478,0.26188925439191857,0.13245130478592027,0.19988161403049373,0.08682804059694073,0.04196328945731487
pbmc_4,0.05670434831745408,0.1876007867431006,0.2519217181823682,0.03553832803772246,0.1946174606654913,0.2090508641377891,0.06456649391607422
pbmc_5,0.06549921253728155,0.1602787053824218,0.26574013037498045,0.045562178830876675,0.30881890906472825,0.1047307239936499,0.049370139816061545
pbmc_6,0.049099054847040004,0.12203750138084878,0.2982939792884425,0.1406560717245715,0.22951181257524098,0.09985991188218932,0.06054166830166694
pbmc_7,0.04579566291275671,0.14499324396347643,0.3112538551067826,0.05280689011003074,0.23884001570618568,0.16843097235862378,0.037879359842144196
pbmc_9,0.0400105661382546,0.17237009575031187,0.25661107648340553,0.04828114533156368,0.2601799239595723,0.16243112378298213,0.060116068553909885
