,PCC,SCC,CCC,RMSE,RD,MAD
B cells,0.997529747218517,0.9976741449596231,0.9970828734906244,0.011077053274439936,0.04435177988494894,0.007564179490233795
CD4 T cells,0.9933656661042433,0.9856935046221754,0.991372672712378,0.02176359938403308,0.3286767383001316,0.016053521818705594
CD8 T cells,0.9948653914847019,0.9501716822952273,0.9896581894309406,0.015294644341210521,0.17448333096656032,0.007356356916263145
DC,0.9980136409565172,0.9981485038665833,0.9974372688222588,0.012137859785756443,0.030482982664122478,0.007163760084559815
Monocytes,0.9981597520978176,0.9984335676968839,0.9976986745144453,0.011995727041063203,0.004973672841621496,0.00690188558151523
NK cells,0.997252884648033,0.9958867711583549,0.9955130306409612,0.01577901038079641,0.05667854954080731,0.01004015307318853
Tregs,0.9922714063037914,0.8789951640071528,0.9906952705621997,0.011385366987514158,0.4167946198914006,0.007735535652842558
