,PCC,SCC,CCC,RMSE,RD,MAD
B cells,0.9976562788002357,0.997379712902034,0.9966575408789956,0.012278680926873335,0.031838000371917724,0.008284613143545099
CD4 T cells,0.9916698634131685,0.9864400452419289,0.9893816845590203,0.02370273177509115,0.3782909217093181,0.016680402225297857
CD8 T cells,0.9920886825269322,0.9399593584574591,0.9911142258236727,0.012387399193844843,0.19509308065073236,0.006655535861430836
DC,0.9985619293689282,0.9979670385000272,0.9984671223748024,0.008472641212625741,0.04019416604103526,0.005953207560983626
Monocytes,0.9979902235050466,0.9976876645154233,0.9976997168328191,0.009884977137967208,0.022828249661291853,0.007261795629068642
NK cells,0.9979176457259687,0.9965183912194399,0.9969006206508165,0.012325781731066033,0.029196515938514293,0.00898436403622887
Tregs,0.9916819036922967,0.8990502712402109,0.9910147773641719,0.011732518189613768,0.3518685201632589,0.00776529947020007
