,PCC,SCC,CCC,RMSE,RD,MAD
B cells,0.9975960923546127,0.9952217472455327,0.9974002387562829,0.011598477749362608,0.02739841276091995,0.00877522662282028
CD4 T cells,0.9846459890828172,0.9842001678206839,0.9809876501056861,0.030643884948522812,0.1922662676869288,0.022798872041080716
CD8 T cells,0.9943399993550307,0.9266020314384964,0.9934265479712998,0.009233499504705719,0.07416544090688146,0.006355669648241993
DC,0.9984977117393291,0.9965419712261081,0.9983911402231208,0.009189706992512849,0.028313777395678707,0.006519195212605109
Monocytes,0.997011196165722,0.9953180151251863,0.996671747901156,0.011448501542637374,-0.0689589381324832,0.009183325407900341
NK cells,0.9966512234143738,0.9882319445900504,0.9955306347107197,0.014049846752399089,0.01554035833630169,0.01061208884345983
Tregs,0.9882493059958859,0.7831709749353616,0.9806815504049176,0.01944001767573061,0.5318543791053368,0.01279328655358761
