,PCC,SCC,CCC,RMSE,RD,MAD
B cells,0.9986070054944448,0.9980296449913536,0.9980003070252895,0.010374429456548508,0.0364172062648172,0.006969743458273718
CD4 T cells,0.9923189582960733,0.9827404727113411,0.9900451526430611,0.022421363153417192,0.34809642126169815,0.016649236318246836
CD8 T cells,0.9912892361771722,0.9447617020626856,0.9844826448492845,0.016219462583161592,0.25208586750822803,0.006721441397147519
DC,0.9981002326002195,0.9985313664263843,0.9977205731452833,0.011031893364843897,0.055590563136924814,0.006532034212561935
Monocytes,0.998110352174218,0.997449170942254,0.997874873294158,0.009832197362079558,0.02021266955179445,0.007168279062532926
NK cells,0.9979913658636148,0.9969229665015186,0.9972425021600426,0.010734369388236749,-0.0017815854628353356,0.007923872099747065
Tregs,0.991824023486678,0.929204332043958,0.991137827231508,0.010959364025400002,0.4097827633445806,0.007116039982505035
