,PCC,SCC,CCC,RMSE,RD,MAD
B cells,0.9967190827200154,0.9972368895877773,0.9952746223219886,0.015279719751679709,0.04330404583273812,0.008699262916385139
CD4 T cells,0.9898174666747441,0.9828296147665129,0.9886234188592627,0.02465940021731031,0.10560383702377525,0.018178684611584606
CD8 T cells,0.9931847117408633,0.9252586430611469,0.9915343257027143,0.010074562852738795,0.18716480501589042,0.006224356495088137
DC,0.9977921464889492,0.997662073615153,0.9977270915403272,0.009900369428654967,0.01708609321976102,0.007161543007859925
Monocytes,0.9983685994408795,0.9979823924633241,0.9980939925064936,0.009557995644648654,0.03816577124669082,0.0066505885055913585
NK cells,0.9964784826109157,0.9964204592264347,0.994404813178284,0.017207203996384843,0.034461484438910055,0.00985466239538838
Tregs,0.9920610682353828,0.8983997960842827,0.9848085665421976,0.01755927302153567,0.45070970841843905,0.009261010316180276
