,PCC,SCC,CCC,RMSE,RD,MAD
B cells,0.9971149653692498,0.996662427250231,0.9963616995138134,0.013628801520875896,0.008139098923241946,0.009554016184653576
CD4 T cells,0.9813179181272744,0.9820871197390938,0.977934007432712,0.03305301547283559,0.2163970760202801,0.024308376368060488
CD8 T cells,0.9934229515153523,0.9233836625371807,0.9925917791138352,0.01016562563062272,0.1332324054934397,0.007198032705436424
DC,0.9981329110304034,0.9981749379725388,0.9979770350149716,0.010389301496961207,0.06664624553135355,0.007638362272394558
Monocytes,0.9968454876857183,0.9943576079122513,0.9958196934178702,0.012699238676059321,-0.06796638025677787,0.00975872813232505
NK cells,0.9968800614949604,0.9890004733697453,0.9959465891572787,0.013407294386581257,0.051009544236573445,0.00962718120321628
Tregs,0.9903192123283295,0.8292087606620644,0.9822646727762679,0.01862903441268113,0.5189652242645769,0.012749248136913145
