,PCC,SCC,CCC,RMSE,RD,MAD
B cells,0.9980846165446605,0.99752683525305,0.9979358323982422,0.010356054867909789,0.011179579320649946,0.007773453616875742
CD4 T cells,0.988017736761073,0.9842001678206839,0.9847735320981685,0.027492208785941333,0.21567030763474404,0.022047342610318713
CD8 T cells,0.9936441359966367,0.9231915211102365,0.992949837430289,0.009898762277892416,0.16209249515586546,0.006669888063477578
DC,0.9987029546218472,0.996349857491234,0.9986072195261455,0.008629355193965084,0.05583076600879586,0.006577127107256684
Monocytes,0.9968316378399162,0.9950298929613057,0.9958956622063968,0.012542705296322825,-0.0626876143888498,0.009540641255012314
NK cells,0.9967036771463651,0.9860704573971587,0.9962412815977807,0.012969525729487332,0.03300401737694656,0.009831730927495112
Tregs,0.9899077885390032,0.8341585434698413,0.9727010340575885,0.022559844049672276,0.4416820358060744,0.01414222725733
