"","B cells","Monocytes","CD8 T cells","NK cells","Tregs","CD4 T cells","DC"
"pbmc_1",0.0186091732261358,0.228308400476734,0.0471927428834889,0.0275453407889521,0.000707447639175723,0.313705840174323,0.363931054811191
"pbmc_10",0.0141887770429519,0.305292972541435,0.0361867898773596,0.00360448926072098,0.00029041235245319,0.230598197381893,0.409838361543186
"pbmc_12",0.00989388776305524,0.229988386133332,0.145097513236385,0.0728257551837894,5.77331044029677e-05,0.199983420994385,0.342153303584651
"pbmc_2",0.00443377155898924,0.223618524036684,0.0190623948604698,0.0155243470876844,0.000422912320181739,0.436992194502215,0.299945855633776
"pbmc_4",0.0692774500825615,0.299213371430012,0.0034781388263061,0.391705174241406,0.110528866138888,5.57667577302384e-05,0.125741232523096
"pbmc_5",0.0563033693253886,0.377972750999976,0.0200719091132594,0.295030878087272,0.0322135941958731,0.000159555175584118,0.218247943102646
"pbmc_6",0.0197436117161262,0.291221945418839,0.0901301247405119,0.0329507684300623,9.85331215604278e-05,0.171506831511833,0.394348185061067
"pbmc_7",0.00454838918351605,0.240757250293827,0.148482375695232,0.0791713096074907,0.000332991084646307,0.162165923723676,0.364541760411612
"pbmc_9",0.0036649392358595,0.307685037116357,0.0697248491693082,0.0876588832868013,9.80961622959671e-05,0.146211901820794,0.384956293208583
