,B cells,CD4 T cells,CD8 T cells,DC,Monocytes,NK cells,Tregs
pbmc_1,0.0682882278038138,0.2413790617007028,0.27181133178415623,0.04123827866603462,0.18696202015996802,0.11707288400755633,0.07324819587776818
pbmc_10,0.062401130973641944,0.18697163412080864,0.24836844389600882,0.07927847265643764,0.26952083717175046,0.11131551351728547,0.04214396766406709
pbmc_12,0.06192242398857424,0.16965598325555253,0.32979745468465027,0.06863888187390667,0.19255671422635093,0.13744278115643327,0.03998576081453217
pbmc_2,0.030488767819787814,0.2185389727151043,0.2548808096138934,0.08628279174113285,0.2103109645256424,0.1365434838353,0.0629542097491392
pbmc_4,0.06580550407065035,0.185193087680237,0.281060261772834,0.035033753119950856,0.21566658475798298,0.15268532286310146,0.06455548573524345
pbmc_5,0.07163412111898176,0.12660740437074955,0.320724492325956,0.057814943163985506,0.2576682097209128,0.1183645482373615,0.04718628106205304
pbmc_6,0.06475313265969153,0.09684322628086553,0.3198332483346438,0.11745676586080461,0.22640877365496812,0.10167227278643755,0.07303258042258882
pbmc_7,0.02696219444777976,0.11979167862886557,0.34695129182022205,0.07688964578710233,0.21031164934210936,0.1848157468090651,0.03427779316485577
pbmc_9,0.02916168738996221,0.1308621234525609,0.2522240190279486,0.07360619888191369,0.25021025605808805,0.1852922979996251,0.07864341718990163
