,B cells,CD4 T cells,CD8 T cells,DC,Monocytes,NK cells,Tregs
pbmc_1,0.049412355,0.30863684,0.15301786,0.035676382,0.22598068,0.0827755,0.1445004
pbmc_10,0.054485463,0.2984205,0.085589916,0.033884924,0.30581766,0.06896041,0.15284115
pbmc_12,0.046032347,0.20869085,0.20810947,0.027215874,0.22329818,0.17750911,0.10914417
pbmc_2,0.03357359,0.27660275,0.12687728,0.03767035,0.24553871,0.0848736,0.19486372
pbmc_4,0.049226798,0.25644612,0.28198564,0.0755634,0.18398397,0.12990719,0.022886928
pbmc_5,0.05819004,0.09414073,0.2818422,0.056009978,0.2914768,0.17369384,0.044646483
pbmc_6,0.05455547,0.1758903,0.19187596,0.034214944,0.2783264,0.098356865,0.16678008
pbmc_7,0.03918816,0.104582846,0.22664987,0.0328803,0.23166671,0.2372868,0.12774532
pbmc_9,0.039390236,0.18302236,0.093385816,0.03229591,0.28625044,0.21179926,0.15385602
