,PCC,SCC,CCC,RMSE,RD,MAD
B cells,0.9968556179776077,0.9981031072549292,0.9959955294244964,0.014275879345429315,0.023957155159240434,0.010239740958887062
CD4 T cells,0.989250594427943,0.9842962154607563,0.9859949320513548,0.0263738658723676,0.2185428408816316,0.020621588920024546
CD8 T cells,0.9944391837820086,0.9127678486985127,0.9943625646698055,0.008733079013953007,0.15122736496975553,0.0063009524893318245
DC,0.997991540618921,0.9968301418284194,0.9977911440214211,0.01074028216740303,0.023765488963832983,0.007776874544384625
Monocytes,0.9973668063192106,0.9961343612561809,0.9971666458711382,0.010488537532996113,-0.04419576908771537,0.00795628427081694
NK cells,0.9960918186354406,0.9903453987342111,0.995252666003747,0.014512977342125517,0.024491840914591317,0.009298997841217689
Tregs,0.9897894017863259,0.8339182627510173,0.9835791475725826,0.017988946701718127,0.49573917340043394,0.011639340372631242
