tool,pearson_mean,pearson_std,pearson_median,spearman_mean,spearman_std,spearman_median,concordance_mean,concordance_std,concordance_median,rmse_mean,rmse_std,rmse_median,mad_mean,mad_std,mad_median,percentdeviation_mean,percentdeviation_std,percentdeviation_median
BayesPrism,0.886991620893318,0.10154252441068926,0.8913952156885608,0.7790258932063808,0.2255489931701113,0.9009532522714456,0.8024413976887326,0.08791322875854159,0.8075044765293032,0.08939273294297834,0.033383384052760916,0.08542980677443605,0.0532336927931018,0.037136443507170804,0.04431185852655191,99.72056775226672,73.72374093818833,65.47011387447151
GrooD,0.9895244823581457,0.00574129039160375,0.9904723513069014,0.9450097533079694,0.08067319945425128,0.9832885143877018,0.9857484738456842,0.0064323491762649865,0.9882180687588422,0.02229862796902122,0.0058912039745569085,0.02262687551689714,0.011400534291534165,0.004888446086342465,0.010159801846607364,32.60024399319358,22.542647873048118,21.19325561815888
GrooD_Condition,0.9927438268414445,0.006616872993326191,0.9957165790052462,0.9587157388146327,0.05835918820839015,0.9921963192356665,0.98936324193348,0.009611885680686418,0.9934011652786228,0.017859728371151802,0.007768874711794412,0.015443949049896813,0.007829545987743537,0.004227693355887425,0.00647914769505895,25.741339523546852,17.740737351093493,18.27140147370258
GrooD_Individual,0.9869981527014934,0.015638531012251194,0.9953345046305295,0.9528992228531612,0.07011543269139563,0.9895793326815477,0.9838624906231326,0.019254179876176763,0.9937526126916532,0.020881522974875617,0.012347826434118928,0.016509374483874857,0.008438040429512322,0.0038589208206823997,0.007130072016191204,31.087052117345284,24.808520252890478,15.938056278799797
MuSiC,0.9145918348938853,0.1086791259991138,0.985698565874299,0.8133338441938192,0.2160093336705639,0.9767383457208076,0.9091007781178809,0.11350673446837946,0.9851432047027499,0.044908248645817286,0.0367729814897582,0.026315124086136385,0.027162531860278633,0.023963531179509914,0.01639936760607065,141.17117917876763,198.41121614530695,40.10772025977845
Scaden,0.9579382921008568,0.05606856243493941,0.973137415477086,0.8550994324049774,0.18934710082770448,0.9666002378188615,0.7714303719530876,0.2506661564428548,0.8682987876838193,0.08100058924158167,0.04807493171375268,0.07140876739106006,0.05114630744270232,0.056251450753414776,0.0293646926961771,226.47652910565688,420.7958308077361,66.51881660624578
