,PCC,SCC,CCC,RMSE,RD,MAD
B cells,0.997804942967684,0.9977184241715584,0.9972209718321222,0.013183790034932816,0.050893196190521274,0.008817805634177108
CD4 T cells,0.9901562003733518,0.9857869501687477,0.9884684957693258,0.024881499617833324,0.20461354812799926,0.018748418520091327
CD8 T cells,0.9945166962880088,0.9437436614665006,0.9937616589959006,0.00919285437027432,0.13578382325239802,0.005890893795761485
DC,0.9972530205170724,0.9980795532997307,0.9968056118498455,0.011833197410780491,0.01296816772059909,0.00685389420643348
Monocytes,0.9984399847573416,0.9972226597644902,0.9983179859971401,0.008161475535375686,0.015723255918779086,0.006217626473248573
NK cells,0.996922501158927,0.9970726242843768,0.9951158909605586,0.014572266368342073,0.05149656298024907,0.008768199321339275
Tregs,0.9917224252678636,0.9134391795809437,0.9902768853234416,0.010924694471121581,0.40693569810654495,0.006996934647155038
