,PCC,SCC,CCC,RMSE,RD,MAD
B cells,0.7915748751070972,0.8166666666666667,0.699810238872647,0.009027413872348532,-0.09106558293040684,0.007985185519988018
CD4 T cells,0.9396811162399449,0.9333333333333332,0.8776648959885051,0.03749654237508811,0.13096912195822613,0.03278655120751953
CD8 T cells,0.5539020090041029,0.5499999999999999,0.2404012385423585,0.0918828184081249,0.3700129875268772,0.0860946673510795
DC,-0.46819886417458273,-0.5666666666666667,-0.25755525571867444,0.01969536486431431,0.5853169370636876,0.015891393048735453
Monocytes,0.8001338886512498,0.9166666666666666,0.41626030849351514,0.06223791795906843,-0.1895536141196149,0.051955920217019856
NK cells,0.7403491927999876,0.7999999999999999,0.6080589122621815,0.036338173243370284,0.19675021909839252,0.02881032257119194
Tregs,0.209289058616378,0.30125786715206027,0.010461014101440973,0.06082119249196874,5.787662013630161,0.0548426314282597
