,B cells,CD4 T cells,CD8 T cells,DC,Monocytes,NK cells,Tregs,Pred B cells,Pred CD4 T cells,Pred CD8 T cells,Pred DC,Pred Monocytes,Pred NK cells,Pred Tregs,SampleID,error
pbmc_1,0.0581,0.3796,0.1564,0.016,0.2001,0.0675,0.0175,0.048126529884220524,0.3090814370604049,0.28431648388743475,0.04786817411783121,0.1635507782075902,0.08136562614064244,0.06569097070187613,pbmc_1,-0.048190970701876126
pbmc_10,0.064,0.1786,0.1839,0.0227,0.3586,0.0718,0.0084,0.06275614521060108,0.1971328481025082,0.3122519208905689,0.058591703759905335,0.2582849446049016,0.0676950814784219,0.043287355953092764,pbmc_10,-0.034887355953092766
pbmc_12,0.0516,0.1533,0.2984,0.0426,0.2003,0.1409,0.005,0.041578185651407695,0.17647390138339403,0.35969946106575335,0.030694032699189345,0.19794988840528377,0.15941301404270447,0.03419151675226734,pbmc_12,-0.029191516752267336
pbmc_2,0.0296,0.2552,0.1638,0.0234,0.2481,0.1128,0.0143,0.03289938416763223,0.28340789443860814,0.300636486843473,0.044347740759516946,0.20147501677874868,0.08222767951678414,0.055005797495236805,pbmc_2,-0.040705797495236805
pbmc_4,0.0384,0.2247,0.2452,0.0357,0.1943,0.1154,0.0097,0.04664657985999184,0.18500291833056673,0.2994565398068481,0.03169603195089769,0.15582753469311153,0.1622729020035962,0.11909749335498787,pbmc_4,-0.10939749335498787
pbmc_5,0.0606,0.0853,0.3661,0.0424,0.2636,0.0896,0.0084,0.057415972711496586,0.1386228990274272,0.29964199412063497,0.04893005573699003,0.24736603078332195,0.13004599330845737,0.07797705431167185,pbmc_5,-0.06957705431167184
pbmc_6,0.0645,0.0996,0.2834,0.0242,0.3238,0.1035,0.0108,0.05011439807485008,0.13109101703877127,0.35081435547877915,0.04653840164764796,0.20965128836303687,0.12040090458506657,0.09138963481184809,pbmc_6,-0.08058963481184808
pbmc_7,0.0403,0.1274,0.3227,0.0329,0.2387,0.1746,0.0087,0.031066604683472072,0.13410253374274697,0.39029469398374855,0.03902131746828857,0.1904876648044915,0.1839275124126914,0.031099672904560817,pbmc_7,-0.022399672904560818
pbmc_9,0.048,0.1289,0.226,0.0476,0.2815,0.1144,0.0085,0.03572145813168388,0.1523322225251916,0.2907240583237447,0.044184791401473925,0.21680357140633513,0.19308971164277505,0.06714418656879569,pbmc_9,-0.058644186568795685
