,PCC,SCC,CCC,RMSE,RD,MAD
B cells,0.99806872325512,0.9975567184871037,0.997258945788336,0.01060047056625947,0.05127801157852244,0.007684154645484157
CD4 T cells,0.991045926119578,0.9832857875104719,0.9892531807739633,0.02340546902410364,0.1904778447527608,0.017621068690095266
CD8 T cells,0.995749492908485,0.9476500727974494,0.9924150219113036,0.010590884897336976,0.14377623428664188,0.006116258788417177
DC,0.9972978215532523,0.9981736553939339,0.9968189298239706,0.01244815789689369,0.03447659229881803,0.007485910749537878
Monocytes,0.9986192617877516,0.9982910371286496,0.998166120571363,0.009958006147326646,0.06314229284601358,0.007515397802362338
NK cells,0.9973904871905694,0.9962408525546163,0.9964317968739256,0.01308720612153058,0.014495818721629914,0.00943553636293475
Tregs,0.9873887280425327,0.878205608208654,0.980559330674897,0.01903881887680172,0.5123482507973027,0.008917668439355984
