,PCC,SCC,CCC,RMSE,RD,MAD
B cells,0.9982072291097503,0.9973414546293259,0.9979199123356133,0.010924584799300481,0.03024493382694858,0.007915817291773087
CD4 T cells,0.9916676218968983,0.9865198285593065,0.9883688516157868,0.025544004873817572,0.1999815847668954,0.018441854609428456
CD8 T cells,0.9956262945686197,0.9509721376418866,0.993849881952797,0.010630444282306277,0.17368610065727588,0.006076263155326249
DC,0.9982840560038496,0.9984065395685603,0.9981328902471809,0.009162646023419362,0.020525104805984365,0.006344740221447083
Monocytes,0.9979404972174514,0.9974806568561251,0.9972947157772245,0.00955256321803796,0.021808608043566435,0.006881579059450201
NK cells,0.9958876337462499,0.9971101043844732,0.9947328425461581,0.015261508043072917,0.02711403076283939,0.008531556044555029
Tregs,0.9940892553667677,0.8935954020772134,0.9912891843343237,0.012534413257901212,0.4817623927383565,0.008222453013659361
