,PCC,SCC,CCC,RMSE,RD,MAD
B cells,-0.5955848227121076,-0.7166666666666667,-0.08504916066109323,0.08790396389430424,1.5523680415025265,0.07438149219179951
CD4 T cells,0.6800034776373167,0.65,0.11577933512084818,0.1628943828620254,-0.6411693823772219,0.1383476587102329
CD8 T cells,-0.25887880887790166,-0.26666666666666666,-0.0027697814779102147,0.2751994899463544,-0.9407608249509786,0.2650275496539371
DC,0.9093956679681093,0.9,0.7778745972254376,0.007910148974313639,0.22189465807213193,0.006947722973550182
Monocytes,0.9868005894064951,0.9333333333333332,0.9824118712993636,0.011823435181950701,0.01258456548167378,0.010339763251212155
NK cells,0.4702695072789073,0.5333333333333333,0.0731288405449547,0.15924811398331767,1.319935035391679,0.1493791998180191
Tregs,0.7557135763896489,0.5166666666666667,0.014635506793770974,0.18927486469902918,16.591638685311484,0.16868909377054692
