,B cells,CD4 T cells,CD8 T cells,DC,Monocytes,NK cells,Tregs
pbmc_1,0.06820189338765668,0.11655365923485778,0.017673740305029308,0.024101487813419583,0.22661181561178595,0.1743436324897974,0.3725137711574533
pbmc_10,0.06888156822476636,0.0960851020455616,0.015648170185204237,0.035292515145756286,0.41837041670199215,0.20565033686516387,0.1529574424475929
pbmc_12,0.1799956868045165,0.06492794653990373,0.004198207970946228,0.053293007013274885,0.23205347404305418,0.3222248372872126,0.14330684034109184
pbmc_2,0.1370893116288853,0.048160607945325416,0.022014744785888583,0.03546583077088614,0.29010034608458884,0.20677511503431026,0.26039404375011527
pbmc_4,0.14338003477227448,0.06974204989121582,0.013573949082087828,0.04398632369898781,0.21816151131109274,0.2668975315428664,0.24425859970147495
pbmc_5,0.11608735462722189,0.03987111851610642,0.019201073882104163,0.051797805311622015,0.30639608247875416,0.3749214545183585,0.08673166224807563
pbmc_6,0.13431492001367953,0.030843432936278448,0.02101757172823301,0.04180621812398059,0.376147578987346,0.30071342614217234,0.09515685206831002
pbmc_7,0.18804511098593688,0.0645521276779385,0.012009618048152818,0.031019592746782555,0.25993550040396535,0.32447528852447494,0.1199627616127489
pbmc_9,0.1338774145215038,0.0718748752537476,0.008563996865393915,0.05687739476624978,0.31504403227840233,0.2754673727906831,0.13829491352401954
