,PCC,SCC,CCC,RMSE,RD,MAD
B cells,-0.6155129304263229,-0.6833333333333333,-0.0956224813700309,0.08504881565629775,1.486704165130143,0.07010035518105402
CD4 T cells,0.7856483663898574,0.5666666666666667,0.15774197085908168,0.1595363865419241,-0.6479467160300713,0.13815960049926027
CD8 T cells,-0.3486446224693779,-0.25,-0.004278711389398447,0.2766694019720539,-0.9451398137404523,0.2663142975653636
DC,0.9338561532570994,0.9666666666666667,0.8495618723456305,0.006428583685806848,0.17099640410379455,0.005701415858663648
Monocytes,0.9795813587402897,0.9333333333333332,0.9738502374545303,0.014665291893051892,0.005646669013735834,0.012021360356316223
NK cells,0.4781697732078146,0.4666666666666666,0.07731374505501472,0.15813197270035914,1.3019709478355246,0.14771228865079086
Tregs,0.7555846958772748,0.5833333333333334,0.013736231471938727,0.19095629064252417,17.184272442814162,0.17254241800869086
