,B cells,CD4 T cells,CD8 T cells,DC,Monocytes,NK cells,Tregs
pbmc_1,0.06599993689570674,0.1414648705008393,0.015263789592135419,0.02358953823007378,0.22525578083705353,0.1602230741989472,0.36820300974524384
pbmc_10,0.07100391219402259,0.06665876086204672,0.023247977283611897,0.030905113824477567,0.41816665440845996,0.21414466913226865,0.14096724997627594
pbmc_12,0.1849465222296867,0.06004713983009739,0.002706340355462366,0.05920041516064307,0.212339547104344,0.32221515736054857,0.15854487795921796
pbmc_2,0.13712450804104778,0.04922197243421605,0.01599953414915337,0.031926382296799484,0.2910413059078425,0.210143031279245,0.26454326589169574
pbmc_4,0.14583263567427548,0.07591234684705091,0.013211946550205725,0.043128770136770904,0.23133959232845416,0.26350329000316325,0.22707141846007955
pbmc_5,0.10095270870447962,0.031726098527553453,0.016162738137991718,0.04263236561776312,0.31482770549346756,0.3779978065142858,0.08862694047434509
pbmc_6,0.12905906360185618,0.04057616768173197,0.021535310355882662,0.03526769324153978,0.378109076283812,0.29301149316090536,0.10141548629253924
pbmc_7,0.17932971527217934,0.07810486332541226,0.006900190213819482,0.03979401344929482,0.24703833103363737,0.32766696462330286,0.12116592208235374
pbmc_9,0.12133874719499008,0.06059122393074114,0.007292515011938836,0.05498207921686584,0.31051549211571866,0.2675613084173187,0.17771863411242672
