,PCC,SCC,CCC,RMSE,RD,MAD
B cells,0.9975757774169027,0.997680141782622,0.997119720926409,0.010843115685274967,0.06540988895395639,0.007604171447567714
CD4 T cells,0.9874557631481553,0.9861398882141229,0.9834481015619739,0.02591780451393285,0.10833051148157992,0.018151493053960247
CD8 T cells,0.9881166557971987,0.951800596287775,0.9857802928119044,0.014826400597482341,0.17270662159241557,0.006963536198976989
DC,0.9981265478947221,0.9974956705102637,0.9980426680659699,0.010455113188828706,0.02666215981756558,0.007513957653259306
Monocytes,0.9984276128968246,0.9976659119692716,0.9980750334907124,0.009473884465352302,-0.014590739943240423,0.0068852174398952685
NK cells,0.9976199363853535,0.9956853480161789,0.9961889853291737,0.012569450634793599,0.03766853036754104,0.00867652083763223
Tregs,0.9935773687115421,0.8976995926756344,0.9894877416233083,0.013298099210937763,0.5053857820214092,0.007815887597180103
