tool,pearson_mean,pearson_std,pearson_median,spearman_mean,spearman_std,spearman_median,concordance_mean,concordance_std,concordance_median,rmse_mean,rmse_std,rmse_median,mad_mean,mad_std,mad_median,percentdeviation_mean,percentdeviation_std,percentdeviation_median
GrooD,0.9940720935429791,0.004541480711960006,0.9964949782820518,0.9620029106771228,0.054408129839827624,0.98424819164072,0.9922061321776121,0.006880093359662345,0.9954485518737571,0.015254064344258082,0.006390481197401191,0.012406510700920175,0.00716783394768893,0.002776603301510939,0.0063877734811335005,25.199898965602756,19.863290284179485,15.030964401002214
GrooD_Condition,0.9929674953948545,0.0050088100808160585,0.995056376443509,0.9603207279143621,0.05971158209519106,0.9860704573971587,0.9884036115284944,0.012874073073256982,0.9949414464877508,0.01769967218055669,0.008257258650779187,0.014259858031360288,0.008305574791512593,0.0041790326510044535,0.006819840323073249,22.98655311822058,18.104975668057,14.702797416178464
GrooD_Individual,0.9895793388867141,0.007754494094807506,0.9926314238099815,0.9649478296284679,0.04883222601513526,0.9886642420286288,0.9853920668187699,0.013914009034966196,0.99206005068895,0.020734995504313018,0.010461039730774467,0.015999062919358698,0.009025982723062721,0.004679669495940771,0.0078853026101461,26.85863125440348,19.94043724632885,19.10975397840906
