,PCC,SCC,CCC,RMSE,RD,MAD
B cells,0.9979693644816381,0.9979670158890388,0.9978817255214937,0.010165902788363497,0.057739010408768304,0.007202166792222353
CD4 T cells,0.9923468498921153,0.9864996986087802,0.9909444290467792,0.020133858775416888,0.30900802899016894,0.015892456015724882
CD8 T cells,0.9935440613641798,0.9425241123171473,0.9906150429156574,0.011832688933373943,0.16929745531316262,0.00629726750456399
DC,0.9981868789536822,0.9986379315402414,0.9980250243389167,0.010041455074821728,0.03798329126006387,0.006562007135342487
Monocytes,0.9983657433517343,0.9981743866010477,0.9978267797606254,0.009003296988532758,0.03584093083667478,0.006567481203517872
NK cells,0.9971659177127825,0.9971510185956751,0.9961764141199307,0.012514777755387061,0.07411511775123093,0.008600298426363607
Tregs,0.9898707064994728,0.9016619737034665,0.985608672598769,0.015640263777274965,0.5325257545324661,0.009005579448878517
