,PCC,SCC,CCC,RMSE,RD,MAD
B cells,0.99862421948674,0.9975953913960081,0.9983751967697185,0.009636684199688739,0.051538044632427074,0.006826146615796107
CD4 T cells,0.9924410466950305,0.9886390491289343,0.9917487770334316,0.016921642360538357,0.15560121085188555,0.01283331341292761
CD8 T cells,0.9970509466046276,0.9572141689477454,0.9956745744468709,0.009569550537375706,0.1250796197108646,0.005402335262937975
DC,0.9986331461903929,0.997746255254853,0.9976040812970869,0.011756633996938222,0.0129175593471415,0.007384957996129727
Monocytes,0.9982880905291123,0.9975481502108533,0.9978705017444737,0.01022560816147358,0.025294906778124474,0.0076182545868112165
NK cells,0.9983455311712957,0.9969807329610713,0.9976389602164284,0.010803343319103468,0.06374057506868304,0.007644623990772696
Tregs,0.9923431386682073,0.9030007584749262,0.991883318023257,0.00937770708808837,0.3479890314803999,0.0067542267619635395
