,PCC,SCC,CCC,RMSE,RD,MAD
B cells,0.9987039169084292,0.9984129378091832,0.9986683912687303,0.007489593328522639,0.013300221738886063,0.005378894674449602
CD4 T cells,0.9936061185178623,0.9878204692396078,0.9927395278675922,0.019046196878553405,0.36497643568864435,0.01453549070507774
CD8 T cells,0.9983560709813092,0.9568622679723826,0.997794631686708,0.006688885776261089,0.12068169648332767,0.00448612485824856
DC,0.9988424024439921,0.9983503134194109,0.9984423621747485,0.00915919865516092,0.02391520183049508,0.006145118548280581
Monocytes,0.9979781451092697,0.9976869144876723,0.9972897052560112,0.011418329275343432,0.006531261351128469,0.0075266919885340865
NK cells,0.9985838993973254,0.997956130491067,0.9982901411543851,0.008376781777617618,0.05619831980356996,0.006322039725549544
Tregs,0.9926934044120963,0.8824320209935654,0.9914572428179684,0.009479762727334959,5.172065193676808e+226,0.006739531508939422
