,PCC,SCC,CCC,RMSE,RD,MAD
B cells,-0.545251341479248,-0.48333333333333334,-0.08740781661779184,0.0808204317178039,1.4080101342796614,0.06816862705767926
CD4 T cells,0.5889728717188111,0.6166666666666666,0.10508233654646933,0.1639333295195482,-0.6384882996415857,0.1381928949032393
CD8 T cells,-0.20294129366277688,-0.26666666666666666,-0.002072119642650597,0.276037335579082,-0.9451093615858785,0.2659989996159166
DC,0.9490909277789732,0.9333333333333332,0.8724348991591088,0.006239866659983104,0.15784996277128738,0.005149985898523381
Monocytes,0.9784035647571802,0.9166666666666666,0.9726070529665412,0.014918387139072944,0.011641977379227642,0.013136428977355749
NK cells,0.42293080011706774,0.41666666666666663,0.06103651399975716,0.16174852469720954,1.3617590177793866,0.15241684661409208
Tregs,0.7425608175983803,0.5499999999999999,0.014540622831873164,0.1826904426312597,16.231775628899072,0.16388065213485237
