tool,pearson_mean,pearson_std,pearson_median,spearman_mean,spearman_std,spearman_median,concordance_mean,concordance_std,concordance_median,rmse_mean,rmse_std,rmse_median,mad_mean,mad_std,mad_median,percentdeviation_mean,percentdeviation_std,percentdeviation_median
GrooD,0.9500909930156114,0.054256987872058245,0.9712814427119314,0.9129935924304657,0.0872229467427077,0.9397856307755748,0.9213566722568066,0.06429335530290735,0.942027248620322,0.045081737787859295,0.026403049744452692,0.04662030894687291,0.015277810315681928,0.008830729734187932,0.01108560844098904,50.1763055796443,63.06428414524532,18.823744349659002
GrooD_Condition,0.9482727121909434,0.06836310672735697,0.9771486067035593,0.9062304580711162,0.09916932855559075,0.9381422658348386,0.9265888667028034,0.07636184723811423,0.9560986856284894,0.04357094577064634,0.03027795929572835,0.028278651437532616,0.015016467947079604,0.009281198573853679,0.010786615106209102,50.177695756655446,64.73303656773471,19.750850182868167
GrooD_Individual,0.9513579289236168,0.08348714783771655,0.9822064847917097,0.9118721567822237,0.10600880296736366,0.9510700700352954,0.9288966684064766,0.09416977944233958,0.9707509091398336,0.042426577341439994,0.03294822788108877,0.026419741482462646,0.012207418118936804,0.00923234604670016,0.009973596456977603,49.19747639264085,70.04916591735473,12.689018807963349
