,PCC,SCC,CCC,RMSE,RD,MAD
B cells,-0.6171194710905581,-0.7999999999999999,-0.09049521102687293,0.09009797068117571,1.5792812660035587,0.07448851476435077
CD4 T cells,0.6008541016328812,0.5833333333333334,0.09217237682424181,0.16742095547521,-0.6537509224370356,0.14176204070588902
CD8 T cells,-0.23656735718409433,-0.33333333333333337,-0.002143982404869665,0.27617060036177754,-0.9456781773113695,0.2661381050922211
DC,0.9774412980888257,0.9833333333333333,0.9150980217278929,0.004695588517981366,0.13955923639958737,0.004073440983318206
Monocytes,0.9810303023214313,0.9,0.9679115834225008,0.016437370308079957,0.022078546148003524,0.01229433244029917
NK cells,0.42749209858727627,0.45,0.06702626725815777,0.15723809666133776,1.3080505648687983,0.147082402955728
Tregs,0.7293543451098249,0.5833333333333334,0.013690510659281589,0.19576243926246537,17.154954880155657,0.17429479328688782
