tool,pearson_mean,pearson_std,pearson_median,spearman_mean,spearman_std,spearman_median,concordance_mean,concordance_std,concordance_median,rmse_mean,rmse_std,rmse_median,mad_mean,mad_std,mad_median,percentdeviation_mean,percentdeviation_std,percentdeviation_median
BayesPrism,0.5829951331586979,0.17992227195522592,0.659672006577711,0.6232072570688575,0.1530987545242216,0.7035467052842097,0.18565346605810165,0.25317093771125404,0.0760191472596971,0.38028172777813235,0.21828415058734793,0.43713411789864154,0.36933251727371963,0.2360489310616508,0.42569255676146595,317.59642734572,441.57752081904175,67.27006946101847
GrooD,0.46039676755650083,0.24613507532845308,0.4768672167915864,0.4839156582236383,0.24692580020137145,0.5233049687491624,0.12465888681647634,0.17318005109685056,0.04941967020802411,0.2883182559875501,0.16841482233914878,0.3760945031620527,0.27221128300561387,0.18378560258579693,0.3586728275774504,232.23370061005292,310.4184717763165,55.58575192215076
MuSiC,0.18748929341475606,0.2710105892563708,0.037223068901089576,0.2774300130545559,0.30753291923232484,0.11680629907513547,0.04804119035526125,0.08286276347859294,0.00023911088787610096,0.586433051169806,0.3334763416149087,0.6541028081362029,0.581803331976429,0.3524343308554412,0.636,498.03736149118953,700.0243724334888,99.52686602583951
Scaden,0.7941039061122068,0.07371674182421688,0.8306031834351767,0.7723233270957154,0.10073499366781949,0.8297284721581255,0.2892668508384984,0.3406713260461096,0.17284841662041286,0.2558708259639683,0.1314259979843786,0.30443224400548574,0.24795509000000002,0.14244018123927077,0.3028727,182.44782988720794,228.35426441776735,55.78818676439757
