,PCC,SCC,CCC,RMSE,RD,MAD
B cells,0.4948164487691674,0.5499999999999999,0.4158263880895437,0.016248076580587772,-0.13211730805645777,0.012983782560714469
CD4 T cells,0.8727578562574784,0.9500000000000001,0.5913796108453606,0.060214835400041654,0.10088854164171528,0.04129192638567411
CD8 T cells,0.7424423557647598,0.75,0.49601712279051857,0.06222376757761098,0.21953653680426735,0.052884372612014535
DC,-0.7770519105604301,-0.7,-0.2537911413061431,0.05096295944879937,1.4925097772520572,0.03812716589955137
Monocytes,0.7585594665957394,0.8666666666666667,0.3832374260137636,0.05561125682699732,-0.13198546391173616,0.039367496948460576
NK cells,0.7484135113010933,0.8166666666666667,0.44730770161156896,0.04888351790081347,0.3953104938495337,0.04060004545994459
Tregs,0.3973893817783853,0.38494060802763264,0.011485794127099684,0.05373796764323232,5.679098353684132,0.05255919801736459
