,B cells,CD4 T cells,CD8 T cells,DC,Monocytes,NK cells,Tregs,Pred B cells,Pred CD4 T cells,Pred CD8 T cells,Pred DC,Pred Monocytes,Pred NK cells,Pred Tregs,SampleID,error
pbmc_1,0.0581,0.3796,0.1564,0.016,0.2001,0.0675,0.0175,0.05092895593271063,0.22470975127945106,0.2465500047868199,0.09978185210734736,0.19997091754363108,0.10761571423070927,0.07044280411933079,pbmc_1,-0.05294280411933079
pbmc_10,0.064,0.1786,0.1839,0.0227,0.3586,0.0718,0.0084,0.06502409334398784,0.1882108442686435,0.279215789105854,0.05049911778818259,0.2582765380960463,0.09649414315783691,0.062279474239448844,pbmc_10,-0.053879474239448846
pbmc_12,0.0516,0.1533,0.2984,0.0426,0.2003,0.1409,0.005,0.042537963600307885,0.17360996116408683,0.3380560395829355,0.031909724974873606,0.195378466854972,0.17398579237634407,0.044522051446480145,pbmc_12,-0.03952205144648015
pbmc_2,0.0296,0.2552,0.1638,0.0234,0.2481,0.1128,0.0143,0.02249182004588791,0.21990776247338711,0.2599541059647148,0.1101182155540106,0.21284883142424277,0.11273480709931659,0.06194445743844029,pbmc_2,-0.04764445743844029
pbmc_4,0.0384,0.2247,0.2452,0.0357,0.1943,0.1154,0.0097,0.06190376188390068,0.20535551935951213,0.2663259775696309,0.02166663235028672,0.18868895476191044,0.179929115371738,0.07613003870302104,pbmc_4,-0.06643003870302104
pbmc_5,0.0606,0.0853,0.3661,0.0424,0.2636,0.0896,0.0084,0.06214490360358774,0.15560018155126581,0.30217436193451325,0.04062026488054342,0.24720372842475108,0.1329692498920851,0.059287309713253536,pbmc_5,-0.05088730971325354
pbmc_6,0.0645,0.0996,0.2834,0.0242,0.3238,0.1035,0.0108,0.03338248442661346,0.12114917635568322,0.3276254261947648,0.1084185815502723,0.2087089499647288,0.13381426573821123,0.06690111576972645,pbmc_6,-0.05610111576972644
pbmc_7,0.0403,0.1274,0.3227,0.0329,0.2387,0.1746,0.0087,0.02415182064540202,0.13537721363354704,0.33688884273373015,0.056020335224309485,0.20380010522112224,0.2012728163210638,0.04248886622082533,pbmc_7,-0.03378886622082533
pbmc_9,0.048,0.1289,0.226,0.0476,0.2815,0.1144,0.0085,0.02782567113412415,0.16125299361019094,0.23721752950419397,0.03659698692245631,0.23981603517245004,0.21695411915082952,0.08033666450575486,pbmc_9,-0.07183666450575485
